[
  {
    "icon": "fa fa-home",
    "slug": "external",
    "title": "Volver al inicio",
    "path": "index.html"
  },  
  { 
    "id": 1,
    "icon": "fa fa-play-circle",
    "slug": "introduccion",
    "title": "Introduccion",
    "path": "pages/introduccion.html"     
  },
  { 
    "id": 1,
    "icon": "fa fa-play-circle",
    "slug": "tema1",
    "title": "1. Estructura de las Empresas Asociativas de Trabajo",
    "path": "pages/1-tema.html"   
  },
  { 
    "id": 2,
    "icon": "fa fa-file-text-o",
    "slug": "tema2",
    "title": "2. Constituir una Empresa Asociativa de Trabajo",
    "path": "pages/2-tema.html"   
  }
]